objid,ra,dec
2532925283203297679,8.99888621477736,-42.9983250726353
2532925283203297707,8.99432154559548,-42.9985192834603
